AT,V,AP,RH,PE
29.25,53.33,1000.69,27.74,468.33
10.19,50.25,1000.2,75.65,495.0
30.9,64.93,999.32,35.35,457.47
35.89,41.09,1008.56,87.17,441.17
36.13,70.26,1024.89,52.99,447.4
17.81,69.5,1014.9,97.95,480.01
23.3,63.17,1005.36,35.42,478.0
29.18,62.26,1018.12,43.03,470.65
24.45,78.39,1014.92,36.74,474.92
27.29,70.93,995.51,49.46,463.37
3.04,35.33,1020.96,86.56,495.0
12.34,80.57,1024.57,63.81,493.51
3.87,69.99,1019.54,32.2,495.0
32.05,48.55,1012.6,52.89,454.23
14.96,56.45,1019.55,46.26,494.17
25.8,62.48,1023.17,89.65,466.63
10.85,50.0,1022.8,47.6,495.0
14.07,34.93,1029.46,82.06,495.0
2.13,28.59,999.8,45.44,495.0
14.45,57.53,1016.5,94.32,488.93
35.3,64.74,997.65,37.13,450.36
9.49,46.6,1031.18,78.17,495.0
13.07,31.03,995.1,84.54,495.0
34.2,37.77,1022.89,48.12,454.38
2.93,37.58,1015.15,63.61,495.0
4.1,67.12,994.26,86.94,495.0
24.03,54.5,1027.3,94.49,467.72
32.65,63.31,1014.51,82.71,451.49
2.11,37.26,1008.37,51.32,495.0
28.15,58.06,1022.46,68.61,459.2
30.49,71.68,1005.31,91.69,452.57
4.47,42.18,1010.65,85.84,495.0
24.97,36.96,996.34,79.41,473.56
19.78,75.95,1025.64,28.91,486.01
18.74,76.26,1008.44,43.66,484.35
35.53,40.42,1010.42,60.5,449.54
1.8,57.76,1014.2,69.18,495.0
10.52,48.8,1017.31,28.87,495.0
26.94,64.99,1001.65,70.77,458.52
13.26,64.93,1018.06,48.72,495.0
11.58,81.43,1004.62,46.12,495.0
26.35,57.34,999.57,42.27,469.4
34.22,56.07,1027.2,26.41,454.22
10.43,41.03,1022.68,88.55,495.0
17.97,77.58,1002.29,69.1,479.74
10.73,74.64,994.2,80.6,495.0
15.19,34.11,1016.33,65.5,494.53
23.14,75.41,1012.22,50.72,470.23
29.06,51.57,1007.01,86.35,452.94
4.2,67.46,992.25,79.77,495.0
26.02,43.02,1009.18,69.64,469.93
21.15,48.31,1020.4,72.34,480.92
6.67,69.99,995.19,85.95,495.0
5.29,36.87,992.84,92.64,495.0
10.47,48.6,1005.2,55.51,495.0
7.16,46.68,1026.62,35.04,495.0
34.49,39.21,1003.35,60.09,452.59
25.81,63.21,1029.82,34.26,472.46
10.19,25.5,1020.84,49.24,495.0
21.88,69.91,993.35,92.34,469.62
21.45,28.42,1031.32,87.87,472.49
4.37,66.15,1009.83,76.41,495.0
31.44,39.77,1019.44,89.63,454.2
16.11,67.35,993.4,34.64,492.04
6.91,30.68,1026.86,30.67,495.0
8.54,53.22,1011.27,80.6,495.0
19.12,49.61,1005.83,33.82,487.31
26.93,70.53,1023.38,48.76,466.49
36.57,49.16,992.2,31.18,448.51
32.68,63.94,992.76,94.83,445.71
19.42,70.11,1028.03,49.92,483.66
5.57,52.36,1027.17,36.45,495.0
34.04,80.9,1013.19,26.78,456.42
14.68,40.36,1007.45,88.35,494.82
9.8,74.18,1011.76,80.42,494.7
32.6,66.01,1022.14,91.55,448.33
6.61,45.16,1027.56,30.83,495.0
10.14,27.37,1000.52,34.18,495.0
22.82,81.36,1016.78,63.45,468.27
21.71,70.31,1028.54,41.59,479.63
35.65,60.18,1004.74,34.64,456.33
17.8,28.11,999.02,39.49,495.0
6.35,65.49,1018.8,64.15,495.0
28.65,63.04,1010.47,89.86,457.97
8.92,42.65,996.9,80.41,495.0
8.0,57.72,1006.35,61.21,495.0
17.23,64.51,1023.11,78.74,485.22
13.81,67.36,1011.04,44.82,495.0
35.94,29.45,997.51,65.82,447.64
6.85,39.85,1000.87,43.66,495.0
31.61,51.03,1031.67,78.29,456.07
25.43,47.56,1020.17,47.76,475.98
5.66,64.46,1000.05,78.47,495.0
4.92,59.01,999.35,57.51,495.0
35.92,37.37,1004.9,95.29,445.49
8.66,80.36,1000.57,98.6,495.0
4.69,30.42,1008.95,73.77,495.0
11.31,54.81,1019.13,96.04,495.0
24.75,40.85,1027.47,56.98,476.94
21.1,28.26,1005.35,93.74,482.17
26.39,75.97,1012.35,99.69,456.3
35.8,38.38,1000.65,80.53,443.65
11.6,52.94,1023.48,68.4,495.0
10.05,33.1,1019.05,36.07,495.0
31.65,72.14,1008.09,55.0,456.38
9.71,61.88,1016.02,83.92,495.0
26.12,35.74,996.06,40.68,473.75
7.22,45.45,1033.08,97.94,495.0
8.99,27.13,999.46,71.59,495.0
4.19,50.72,994.77,100.0,495.0
28.26,30.67,999.56,88.23,461.17
8.16,42.42,1022.49,37.91,495.0
6.19,28.19,1002.28,47.59,495.0
9.74,55.29,1020.54,50.34,495.0
11.66,44.5,1002.17,86.67,495.0
2.99,77.88,1003.24,43.54,495.0
10.78,65.1,997.36,85.53,495.0
25.41,48.7,1005.28,31.73,471.68
28.63,56.48,1021.2,91.75,458.0
9.78,79.55,1001.64,71.68,495.0
23.4,30.24,1004.57,94.61,475.12
34.0,69.39,1017.46,90.69,444.31
20.92,80.88,1026.35,54.66,481.38
15.0,46.97,999.41,39.35,495.0
2.27,44.31,1015.82,85.76,495.0
31.07,50.97,1013.95,86.32,450.11
30.62,72.14,998.18,39.73,457.84
4.61,67.91,1029.36,46.45,495.0
7.86,62.54,1013.23,55.45,495.0
31.39,31.03,1021.63,47.18,460.85
21.71,57.92,1030.16,56.55,481.98
14.15,28.92,1009.44,47.93,495.0
6.92,30.45,1002.63,73.07,495.0
5.28,61.29,1019.76,54.48,495.0
21.57,71.48,1021.86,54.12,473.07
26.87,37.48,1016.77,47.65,468.57
35.37,41.29,995.7,44.14,451.8
28.21,48.21,1017.26,44.32,469.4
14.94,52.33,1010.33,58.16,493.75
28.57,41.72,1000.64,99.05,462.96
4.31,54.71,1008.52,61.02,495.0
23.75,67.01,1023.75,34.86,474.57
27.24,70.88,1022.29,83.68,460.46
3.28,64.75,997.21,62.97,495.0
15.75,69.98,1003.49,96.17,481.93
7.5,54.66,1023.89,39.66,495.0
11.55,53.13,1004.33,49.38,495.0
9.8,40.89,1003.81,89.62,495.0
12.56,57.35,1010.18,77.95,495.0
6.61,69.46,997.63,80.14,495.0
26.31,62.58,1020.79,91.1,463.56
3.67,61.78,1002.69,69.41,495.0
22.32,37.3,1008.22,53.73,480.22
8.14,55.31,999.19,66.4,495.0
19.69,63.07,1004.0,46.73,483.01
11.74,33.47,992.15,74.8,495.0
14.86,64.79,999.93,71.92,492.05
19.61,80.12,1033.67,57.73,489.83
6.12,54.56,1007.07,29.39,495.0
6.41,60.89,995.18,94.82,495.0
31.61,53.14,1007.9,43.18,460.94
15.64,44.41,1016.9,27.33,495.0
7.79,81.39,1008.25,25.75,495.0
30.08,51.06,1019.62,72.37,455.78
33.93,52.14,1007.88,49.82,453.89
31.08,53.73,1016.2,36.52,461.34
27.01,54.89,1000.19,62.93,465.23
5.31,56.88,1031.5,65.07,495.0
34.04,65.29,1009.95,61.14,447.15
22.2,72.89,1013.86,26.08,481.03
33.58,50.19,997.69,34.24,456.48
21.69,31.55,996.94,92.08,471.37
2.15,56.3,1011.46,61.01,495.0
36.9,61.01,995.11,78.07,438.09
6.47,55.64,1003.7,76.57,495.0
26.25,77.42,1003.17,60.28,462.42
13.6,75.12,1014.35,43.23,495.0
8.16,27.44,1028.61,74.53,495.0
6.76,77.78,1002.94,82.68,495.0
25.42,40.87,999.13,52.51,469.09
12.53,39.06,995.93,27.63,495.0
23.46,27.16,1005.18,36.97,479.55
34.83,61.95,1003.01,60.53,447.8
8.96,61.8,1013.07,85.71,495.0
6.02,42.83,1019.1,95.73,495.0
15.64,65.18,1002.45,26.81,495.0
26.32,80.53,1005.38,77.44,458.82
35.16,41.48,999.27,34.42,453.25
7.57,56.36,1008.06,64.41,495.0
17.99,25.74,1009.24,80.24,486.55
11.64,67.09,1011.73,78.65,495.0
9.02,38.68,1027.16,84.59,495.0
12.68,58.22,997.85,48.51,495.0
29.89,52.01,997.37,46.42,467.54
5.08,70.32,1025.26,65.08,495.0
32.48,76.63,1014.03,89.81,447.68
31.23,60.22,1001.8,37.39,460.94
25.87,79.26,1001.81,26.36,471.78
12.24,48.56,1022.25,48.72,495.0
7.66,30.63,1002.05,59.59,495.0
34.24,72.56,1000.22,36.55,453.63
4.32,25.95,1016.94,32.66,495.0
18.55,47.77,1026.43,73.19,491.79
14.52,59.06,1001.77,52.97,487.66
7.44,70.93,1012.17,41.25,495.0
35.97,46.86,1009.86,55.27,449.58
9.53,53.47,1018.4,98.75,495.0
26.93,49.4,1022.9,68.23,468.67
32.83,65.36,996.85,96.6,444.08
25.41,40.81,1017.81,66.46,469.59
6.87,44.22,1008.02,30.76,495.0
29.79,46.97,1033.02,67.2,460.37
9.41,66.88,1015.64,30.42,495.0
35.55,51.06,1001.63,60.98,446.73
4.72,60.57,1024.79,54.59,495.0
24.43,27.91,1029.57,32.83,485.65
23.45,76.98,1025.59,74.9,468.2
18.75,28.82,1010.59,79.56,486.98
7.63,31.03,996.88,72.0,495.0
10.7,59.15,1024.37,29.4,495.0
27.58,40.8,1032.92,32.12,467.91
35.64,29.28,1025.8,32.37,454.35
34.48,53.56,1025.31,34.55,454.57
27.83,79.66,1007.37,34.12,465.78
10.05,26.13,1018.87,90.32,495.0
28.79,80.49,1008.95,72.7,459.21
12.3,40.35,1030.04,29.95,495.0
11.73,51.73,1006.01,75.99,495.0
28.89,52.78,992.22,36.85,469.21
26.01,63.75,1025.0,53.96,467.41
11.44,76.5,998.24,27.02,495.0
7.57,47.76,1019.97,85.51,495.0
5.43,55.16,1013.14,28.09,495.0
19.08,67.3,998.18,60.17,484.11
31.21,34.06,1022.32,42.7,462.18
13.21,61.42,1016.42,78.29,495.0
22.84,78.18,1001.62,65.13,471.77
8.21,63.42,1029.67,49.91,495.0
13.16,70.47,1030.67,89.41,486.34
26.34,37.85,1028.86,38.51,473.45
19.51,61.6,1013.89,75.82,480.62
32.53,47.89,1021.83,71.26,450.49
31.03,61.58,1029.52,86.21,454.76
12.31,42.57,1018.55,69.68,495.0
2.83,65.8,1020.31,97.22,495.0
24.5,36.22,1023.91,96.23,470.63
32.48,47.15,992.66,82.41,450.39
31.82,59.05,997.52,78.06,454.96
2.32,27.57,1032.51,82.18,495.0
7.15,69.43,1008.94,74.73,495.0
8.24,66.62,992.33,32.67,495.0
11.75,28.72,1012.78,93.25,495.0
13.01,46.54,993.95,75.14,495.0
4.68,37.8,1019.14,29.82,495.0
14.73,44.16,1019.32,61.24,494.37
33.71,63.19,1008.8,26.0,455.39
6.13,38.68,1016.59,46.31,495.0
29.42,49.36,1032.39,27.31,464.6
3.81,59.51,1014.45,88.94,495.0
4.03,35.27,1030.05,49.15,495.0
16.94,43.65,1007.73,58.59,491.14
35.92,61.5,997.84,65.37,445.75
9.45,69.01,1032.09,62.74,495.0
35.27,71.83,1003.27,77.72,443.58
3.32,55.26,1016.65,85.53,495.0
33.15,43.62,1022.31,35.55,457.11
21.76,45.12,1007.44,46.39,478.49
30.83,45.51,995.58,65.28,459.97
18.81,44.88,1012.91,27.58,492.84
10.67,42.76,998.31,92.19,495.0
31.6,78.81,1000.38,54.58,453.89
13.84,35.82,1010.86,27.03,495.0
27.58,77.38,1015.03,96.74,455.36
35.52,42.39,995.44,77.68,447.31
34.1,69.39,1020.78,48.41,450.4
19.79,26.57,1012.16,78.21,485.97
10.29,43.16,1007.14,86.07,495.0
29.73,60.32,992.07,98.56,453.04
3.41,34.31,1018.42,99.0,495.0
33.57,76.75,1000.95,30.4,455.56
21.77,48.03,1000.16,78.14,473.52
2.37,62.84,1016.54,45.63,495.0
20.15,56.05,999.33,33.16,484.99
19.23,43.78,998.51,91.46,480.81
9.32,32.48,1020.75,95.56,495.0
23.62,77.18,1003.25,61.32,465.51
1.86,33.64,1032.65,62.45,495.0
10.06,25.84,1006.25,38.24,495.0
20.4,71.82,1007.51,42.2,486.71
8.83,61.7,1028.2,81.4,495.0
10.4,77.59,1005.17,77.97,495.0
17.21,78.33,1021.33,41.62,488.82
3.76,30.67,1020.18,40.57,495.0
9.15,73.49,993.49,98.06,495.0
4.4,67.08,1032.02,60.94,495.0
29.98,64.03,1023.76,38.1,463.57
19.54,44.34,1003.54,81.2,486.64
11.03,33.5,1003.76,85.58,495.0
29.93,63.85,999.27,99.88,453.93
7.27,30.91,1014.54,74.88,495.0
32.37,68.24,1001.81,58.63,453.81
18.07,46.88,1009.51,90.39,482.44
21.63,72.72,1021.7,69.99,473.85
12.82,67.75,1021.88,25.77,495.0
10.38,79.4,1000.91,79.09,490.7
11.57,71.69,993.07,87.62,495.0
14.51,35.19,993.98,75.53,494.12
21.92,36.58,1009.17,74.55,479.38
2.89,52.78,994.37,33.38,495.0
15.42,26.45,992.87,36.65,495.0
13.84,51.26,1019.31,95.71,491.42
24.03,48.68,1001.46,88.45,468.48
32.46,72.6,1010.73,76.82,446.39
29.07,79.04,1013.61,61.85,461.85
36.8,59.32,992.49,94.89,433.02
16.48,78.16,997.33,97.66,481.69
9.38,45.01,1014.21,44.27,495.0
34.34,77.76,1001.33,90.94,442.38
30.55,55.51,1008.5,37.62,459.86
34.06,28.69,1018.31,68.33,450.38
9.24,74.93,1019.38,73.71,495.0
18.36,25.7,1017.29,64.23,487.1
13.22,70.06,1012.92,67.61,491.55
17.73,36.56,1018.62,60.8,495.0
27.48,80.06,1007.76,37.71,466.36
27.39,45.39,1019.14,95.57,464.3
24.3,34.24,997.39,96.21,470.74
13.77,65.89,1020.1,79.6,492.59
9.71,32.41,1029.73,56.67,495.0
18.31,73.34,1002.86,29.12,489.49
28.23,40.34,1025.15,62.71,461.58
8.27,35.89,1004.77,99.54,495.0
2.65,77.23,1030.77,79.47,495.0
5.51,70.28,1019.52,38.47,495.0
6.35,71.36,1033.26,33.93,495.0
18.2,50.27,1012.07,76.95,486.33
14.38,34.63,1013.83,84.21,495.0
34.26,36.13,1024.28,30.75,456.67
9.15,65.89,1023.92,37.67,495.0
15.24,61.82,1006.95,73.62,491.51
2.56,72.71,993.09,29.32,495.0
3.91,60.91,1025.76,65.59,495.0
31.37,81.47,1017.74,86.69,449.8
26.59,54.11,996.74,63.72,468.72
5.09,76.94,1022.59,49.86,495.0
29.73,54.34,1026.65,56.42,460.53
15.79,62.54,1003.73,66.66,487.49
6.93,80.05,1030.3,53.7,495.0
36.57,40.82,998.79,72.93,451.71
6.0,40.86,1027.16,94.35,495.0
6.78,26.42,1031.42,89.89,495.0
31.94,48.83,1031.85,79.22,450.2
27.48,46.04,1027.68,67.86,463.72
4.24,73.51,1008.91,99.94,495.0
23.74,46.69,1021.26,93.79,472.81
17.08,78.49,1006.99,43.11,487.65
33.12,42.75,1029.24,82.13,451.7
23.62,43.95,999.29,45.57,478.04
25.13,59.83,1022.58,64.9,469.5
18.55,27.24,1013.74,45.93,493.04
1.98,62.72,1009.1,92.22,495.0
15.37,42.02,1008.41,57.63,495.0
12.26,70.63,1032.24,94.07,493.86
21.2,66.29,1009.17,54.14,478.66
18.76,78.12,1028.81,63.97,477.4
33.2,57.72,1028.93,65.26,450.1
7.01,42.1,1001.86,57.1,495.0
4.27,56.57,999.63,67.87,495.0
18.71,64.32,993.57,70.31,479.57
6.2,49.31,1024.8,60.97,495.0
27.25,63.7,1024.44,88.71,465.05
9.41,80.52,1006.03,56.22,495.0
10.38,66.01,1001.51,89.5,495.0
23.41,34.16,994.37,83.55,475.3
29.64,61.58,993.56,83.19,453.52
25.87,76.93,1031.15,50.47,469.36
20.58,27.04,994.04,58.47,483.46
17.3,37.93,992.0,67.49,486.97
36.72,59.69,1026.14,57.37,444.5
23.79,54.84,992.27,81.94,468.1
34.23,48.36,1009.85,95.21,446.9
7.07,46.36,1011.87,42.51,495.0
29.87,58.82,1006.24,38.36,463.9
27.82,61.87,994.72,65.44,456.63
7.24,65.16,1016.01,46.72,495.0
34.43,50.01,1032.23,69.76,448.58
36.89,80.77,993.68,63.86,439.45
9.45,75.67,1010.11,33.71,495.0
8.68,31.05,992.07,30.18,495.0
3.49,35.74,1006.21,48.75,495.0
19.09,39.2,996.42,58.05,489.81
30.05,39.18,1024.21,63.05,462.02
25.01,26.96,1009.79,39.27,477.93
6.46,53.01,998.86,99.72,495.0
35.14,29.1,1031.74,75.75,451.18
13.82,53.15,1001.97,66.62,495.0
18.68,44.71,1020.81,68.18,486.42
15.15,33.8,1012.19,50.89,495.0
19.9,39.27,1019.48,94.47,476.1
22.59,65.85,1027.8,46.55,476.46
23.74,63.49,1023.12,96.92,464.9
32.1,36.52,993.03,35.34,462.38
35.34,63.4,1029.06,49.26,447.14
30.24,51.76,1006.55,48.69,459.61
32.69,49.93,998.99,98.67,448.32
13.97,62.42,1022.03,80.69,493.56
13.06,50.26,998.69,67.87,495.0
32.92,47.98,992.87,80.2,449.16
34.48,30.85,1028.7,43.9,455.13
15.19,60.96,1007.55,36.63,495.0
10.31,41.92,1006.59,31.92,495.0
10.8,62.53,1007.54,47.81,495.0
25.75,55.87,1017.04,51.9,466.32
25.88,28.01,1007.96,61.09,471.32
28.84,45.79,1008.04,69.36,459.95
18.29,63.81,995.78,69.19,481.94
25.52,51.25,1028.14,92.48,471.94
32.16,80.32,1009.31,76.99,447.87
8.53,28.58,1028.58,36.53,495.0
2.62,62.11,1000.43,26.02,495.0
31.35,52.34,1014.69,69.91,457.34
11.6,26.59,1022.34,48.75,495.0
36.2,34.29,1002.68,67.08,445.27
28.57,55.11,1032.44,61.36,462.85
17.28,72.95,1015.13,33.67,488.93
3.18,33.42,1018.19,38.83,495.0
29.34,43.21,1002.34,48.53,464.63
14.4,72.77,999.73,67.54,488.85
21.91,48.7,1000.84,29.23,485.34
36.84,57.63,1014.98,73.66,440.23
22.67,48.13,1018.72,73.67,474.75
20.33,43.24,1003.55,29.15,486.02
13.32,72.89,1008.42,60.22,494.35
23.65,51.22,992.8,51.5,478.62
36.89,72.01,1019.1,78.1,438.37
21.71,71.18,1029.58,69.25,473.89
32.26,35.15,1018.96,60.61,454.92
32.41,79.48,1014.82,59.56,449.49
36.56,32.1,1018.37,31.59,450.61
12.08,55.03,1011.41,73.6,495.0
8.23,57.92,1018.33,63.5,495.0
12.91,62.74,1032.69,66.1,495.0
2.67,49.08,1030.17,41.91,495.0
9.53,29.04,1008.73,55.52,495.0
22.45,76.86,1019.99,28.86,480.72
26.06,52.57,1007.67,75.16,459.83
24.65,67.84,1005.61,29.2,475.76
31.99,67.64,1018.83,84.28,455.24
26.55,75.54,1018.3,85.14,458.69
31.15,35.97,995.66,98.37,452.58
2.29,76.95,1027.86,39.22,495.0
5.87,35.63,1013.19,70.52,495.0
8.46,75.98,1017.78,53.63,495.0
32.88,44.77,1013.6,26.12,460.14
12.16,30.21,994.26,57.64,495.0
9.44,64.39,1006.01,41.48,495.0
4.93,77.41,1032.24,61.66,495.0
18.94,37.41,1004.64,44.11,492.9
6.41,34.18,999.05,27.35,495.0
24.62,72.89,1009.16,76.92,468.57
11.36,78.79,1016.46,50.16,495.0
24.05,45.8,1003.43,70.86,469.88
30.49,60.05,999.79,93.86,453.92
22.3,51.35,1015.28,91.16,475.62
2.02,64.86,1016.95,44.19,495.0
8.92,74.71,1013.25,53.33,495.0
12.41,52.3,1031.31,72.47,495.0
31.16,74.72,1032.79,69.5,458.35
9.2,50.05,996.98,99.81,495.0
36.65,55.4,1032.56,65.88,444.62
19.8,29.77,1010.51,58.27,485.84
30.85,62.5,1021.79,87.53,448.69
17.35,59.74,1013.93,53.21,490.18
36.38,45.08,1032.67,76.66,442.36
21.83,47.46,997.22,60.02,476.48
12.19,72.6,1014.34,92.02,489.21
32.1,26.19,1021.91,98.48,449.62
26.7,32.51,1011.05,56.46,471.57
26.99,58.42,1006.18,29.62,467.66
10.32,56.79,1019.36,80.83,495.0
9.56,72.4,1013.29,56.1,495.0
14.0,37.74,1027.29,83.87,495.0
22.09,28.23,1032.49,69.5,481.91
6.29,26.09,993.57,87.83,495.0
28.5,33.96,1023.91,92.68,459.73
17.08,60.95,1031.57,53.96,486.45
28.33,64.53,1010.82,70.32,465.96
25.64,36.63,1033.64,91.15,466.26
37.06,60.01,1014.09,94.16,443.14
15.07,25.94,1005.25,37.28,495.0
5.34,50.4,1024.26,63.16,495.0
32.59,43.59,1026.4,73.79,452.87
6.46,76.71,1016.52,27.99,495.0
17.49,67.84,1007.09,69.84,484.71
18.19,30.73,1013.55,65.15,488.61
10.35,31.98,995.88,73.52,495.0
37.07,27.98,995.92,43.01,450.5
34.04,69.13,1000.21,95.4,440.76
25.01,49.22,1003.73,25.74,479.04
25.09,29.3,1000.66,89.46,468.54
20.89,29.52,1021.72,57.4,485.47
10.8,73.51,999.21,90.98,494.8
9.53,63.64,999.51,88.0,495.0
26.6,74.16,1017.93,81.34,462.07
3.95,64.86,1021.97,89.19,495.0
19.83,67.98,999.83,87.71,475.52
33.23,35.58,1007.9,47.37,455.91
30.01,63.58,1002.81,39.23,461.58
2.41,35.1,1033.39,72.62,495.0
9.3,33.56,1015.2,86.64,495.0
13.87,26.17,1016.68,52.02,495.0
3.24,80.74,994.64,29.99,495.0
21.98,38.68,1027.26,70.12,482.96
3.97,70.85,1012.7,44.85,495.0
2.31,48.22,1015.91,83.35,495.0
3.8,36.1,1028.57,27.78,495.0
19.64,50.64,1005.5,48.11,485.81
18.2,39.71,995.2,63.1,490.5
12.59,49.56,998.68,75.54,494.95
24.85,57.78,1000.3,94.61,466.17
3.5,47.03,1002.67,41.84,495.0
6.12,60.56,1031.85,72.63,495.0
34.68,50.45,1016.04,67.58,448.82
14.42,29.54,1025.75,97.37,494.04
9.8,79.07,1024.19,56.49,495.0
9.51,28.56,1017.19,97.9,495.0
34.78,36.64,997.54,99.81,447.31
18.12,31.66,1027.23,93.55,491.6
21.24,71.04,1018.66,52.47,479.88
8.8,61.53,994.11,96.27,495.0
9.86,61.11,1029.88,83.56,495.0
23.17,81.47,999.2,89.05,463.83
29.8,49.39,1023.65,28.96,466.07
20.51,66.17,1004.07,92.17,468.06
1.92,81.6,1018.87,39.48,495.0
18.89,50.95,997.61,92.33,480.87
15.83,79.65,1001.03,74.17,480.6
28.43,74.99,1000.67,36.54,464.84
30.57,47.05,1028.58,69.83,461.0
18.1,49.58,1017.71,66.93,480.97
16.28,32.85,1012.98,27.57,495.0
24.64,47.67,1027.18,46.33,474.67
34.79,45.77,1004.77,68.81,448.0
13.38,52.42,1017.03,43.66,495.0
23.24,73.89,993.48,61.71,472.27
29.93,80.54,997.11,86.73,453.56
30.49,65.72,1012.81,39.48,458.6
11.19,64.95,1031.6,94.94,492.97
19.77,75.38,1031.42,47.12,481.33
14.41,65.26,1005.12,61.8,490.73
28.84,56.77,1012.86,43.39,464.27
25.72,38.02,999.32,41.56,477.23
33.93,31.03,1012.17,99.13,445.76
32.29,57.98,1005.47,59.94,455.7
9.85,79.84,1016.09,26.0,495.0
22.47,35.39,1001.44,79.23,478.9
5.39,43.78,1003.21,50.58,495.0
31.16,66.11,1012.57,79.34,451.66
12.95,73.76,1003.66,61.55,489.59
30.89,44.48,997.67,35.85,461.78
30.62,26.1,1027.7,96.68,456.69
15.0,65.13,998.33,64.2,490.19
25.17,75.62,1027.71,95.64,465.45
36.99,45.48,1000.65,67.5,441.14
20.87,32.85,1023.09,82.85,479.1
18.19,51.1,1028.54,53.16,486.08
27.76,36.18,994.72,71.68,463.88
27.87,44.84,1026.17,27.57,470.75
34.6,46.07,1001.14,81.46,446.57
16.18,29.04,1029.0,28.58,495.0
25.22,72.96,1002.8,75.49,462.36
34.2,63.58,1001.28,38.19,452.98
22.13,50.62,1006.65,95.65,474.67
10.35,35.85,1006.66,34.49,495.0
2.0,32.62,1018.41,77.62,495.0
26.77,27.5,1020.35,48.05,472.09
32.89,75.68,1032.67,96.87,444.74
23.07,50.59,1032.05,77.88,474.41
28.45,57.39,1024.1,68.39,463.5
33.39,78.46,996.95,60.22,450.11
12.93,78.07,1023.47,99.2,484.95
2.4,33.13,1002.05,88.64,495.0
9.45,52.2,1003.68,29.02,495.0
20.58,30.49,1011.89,35.48,490.43
19.01,43.49,992.81,48.92,485.46
12.02,45.64,1029.03,29.16,495.0
35.85,36.99,1018.92,84.78,438.87
35.31,70.48,996.48,84.6,441.7
5.54,67.0,998.09,80.45,495.0
8.56,39.73,995.59,34.51,495.0
27.48,57.35,1012.77,95.74,455.43
7.02,53.54,1000.74,52.66,495.0
32.47,58.23,1023.81,60.02,453.45
36.85,61.96,1030.7,88.07,442.31
14.73,27.43,1000.21,71.08,495.0
9.26,50.28,1013.55,32.9,495.0
19.56,70.91,994.45,35.6,481.36
35.03,79.94,1007.57,41.88,448.31
26.7,53.11,997.81,74.07,470.35
8.06,60.64,993.19,75.45,495.0
34.75,25.85,1032.58,68.7,456.08
7.78,26.74,997.59,78.78,495.0
6.59,53.42,1024.63,41.49,495.0
22.78,43.12,1031.53,40.91,481.27
24.18,78.08,1033.45,65.16,468.31
4.38,62.55,1005.62,67.59,495.0
5.66,56.18,1018.01,38.91,495.0
9.22,51.21,1016.37,51.72,495.0
16.82,75.79,1001.86,74.01,480.17
18.93,63.09,1027.61,33.99,485.6
28.22,73.75,1027.5,65.18,460.15
33.15,73.64,1025.64,64.35,448.65
11.66,63.85,1029.98,38.8,495.0
18.85,72.49,1005.33,64.9,484.99
18.31,59.58,1015.8,38.61,489.4
2.6,71.89,1020.46,59.87,495.0
11.65,51.04,1018.71,81.66,495.0
3.94,65.66,1022.91,74.38,495.0
20.62,39.51,1018.14,64.18,471.42
14.96,36.67,1012.46,92.66,492.82
30.69,67.07,1021.16,38.81,456.95
29.19,66.19,1001.15,36.9,464.03
21.14,36.96,995.13,38.21,486.9
31.12,38.92,1010.45,86.31,452.57
13.9,79.73,1007.58,80.28,489.22
2.11,45.17,1009.26,38.17,495.0
14.1,69.31,1019.75,57.76,495.0
25.05,79.77,1031.85,32.19,472.62
13.34,77.73,1021.04,68.5,495.0
33.88,26.65,1005.7,60.39,452.79
15.73,67.58,1026.26,28.42,495.0
29.13,51.82,997.46,27.04,463.08
8.3,55.79,1000.74,43.16,495.0
10.21,26.91,1028.98,91.08,495.0
6.96,60.54,1026.14,80.81,495.0
26.01,28.34,1001.47,30.84,474.36
28.12,50.54,1029.64,79.81,462.03
29.67,80.24,995.9,26.38,459.94
37.07,32.56,1013.3,37.46,452.39
19.18,55.06,1020.71,39.2,488.59
25.77,47.28,1013.35,36.63,473.83
17.09,75.94,1030.11,64.65,481.11
10.45,28.83,1022.76,98.67,495.0
25.09,41.66,1004.49,76.56,474.53
11.56,66.0,1032.4,97.37,493.1
25.91,63.92,1024.78,56.86,470.99
34.34,80.71,1025.72,56.51,448.55
25.74,63.42,1028.61,28.03,474.26
6.52,36.42,1004.8,73.22,495.0
11.56,70.01,1026.66,70.49,495.0
33.79,40.34,993.83,66.93,455.39
27.45,72.13,1006.77,54.43,468.35
35.49,77.14,1003.08,50.26,444.83
25.78,36.26,1027.75,35.07,476.79
18.44,31.85,1011.19,54.55,491.41
9.27,50.27,1003.84,55.18,495.0
19.45,33.59,1010.0,39.03,493.38
6.29,76.39,1005.68,78.13,495.0
34.57,69.88,997.24,32.86,453.67
6.08,46.94,1008.87,29.48,495.0
13.07,26.84,1004.3,35.78,495.0
11.4,53.48,1017.47,79.5,495.0
13.65,52.44,1017.33,80.67,493.06
8.52,71.95,992.71,47.6,495.0
10.47,38.0,1003.23,91.6,495.0
5.63,59.13,1030.72,82.93,495.0
33.58,47.9,1023.32,85.09,450.28
7.05,48.46,1032.32,87.24,495.0
7.8,41.3,1010.28,43.67,495.0
23.77,54.2,1021.92,53.61,473.66
15.87,69.39,1004.24,31.48,492.07
28.72,60.14,1023.31,73.73,462.38
20.91,26.85,1020.95,76.77,481.0
5.52,30.13,1030.1,48.26,495.0
8.87,30.17,1031.22,99.59,495.0
9.83,68.33,1028.14,96.01,495.0
9.1,36.28,1025.64,87.76,495.0
19.35,68.11,993.76,27.19,485.96
12.21,56.47,1014.32,55.19,495.0
23.12,69.07,1030.51,89.32,474.46
27.81,30.34,1017.15,57.62,466.88
10.77,34.75,994.25,99.78,495.0
21.64,46.66,1032.0,40.0,480.15
33.55,76.55,1001.54,44.27,448.41
3.95,60.64,1010.91,62.82,495.0
2.87,62.97,992.73,64.08,495.0
16.57,75.47,1026.44,66.8,485.06
11.53,50.64,996.93,92.78,495.0
10.36,41.88,1004.85,97.71,495.0
10.78,77.93,1028.23,82.81,495.0
24.46,53.71,1007.0,49.08,476.57
3.88,30.82,998.97,99.12,495.0
20.28,60.65,1013.4,90.79,480.5
35.31,46.28,1026.48,83.69,439.2
17.43,61.87,1007.42,86.16,478.83
6.33,50.81,999.48,86.9,495.0
35.11,49.01,1028.57,87.32,448.36
20.7,49.63,1015.47,28.73,480.69
10.86,58.48,1029.68,57.59,495.0
8.98,45.91,992.49,87.17,495.0
11.18,63.06,1029.17,53.1,495.0
14.17,42.24,1017.22,83.92,489.65
4.7,30.4,1003.88,77.58,495.0
23.52,78.43,1025.0,33.61,474.53
28.71,35.22,1004.7,42.28,471.51
29.68,78.9,1015.74,72.24,461.9
27.72,78.58,1004.0,39.45,460.33
4.0,69.53,1000.81,37.36,495.0
21.09,25.71,1031.17,93.74,484.38
3.13,64.68,1004.15,30.05,495.0
33.16,67.79,1013.06,67.91,448.67
18.96,28.63,1014.55,63.22,492.15
30.4,28.87,1021.68,56.04,467.09
12.54,48.48,1001.4,54.98,495.0
26.11,78.65,1026.89,71.4,457.04
34.23,56.4,1010.43,55.73,451.36
13.74,47.85,1028.83,38.21,495.0
12.86,25.59,1003.12,38.0,495.0
22.74,63.4,1030.82,33.31,476.52
2.18,61.03,1013.52,87.44,495.0
23.97,69.48,997.72,81.73,467.41
15.69,44.89,1022.23,78.18,494.01
36.9,74.43,1009.35,78.08,435.56
3.22,66.58,1016.89,40.73,495.0
2.92,55.61,1015.64,45.06,495.0
25.0,69.71,1023.89,79.27,461.11
7.03,66.05,1030.38,51.18,495.0
26.06,60.0,1029.97,75.61,469.17
18.94,48.1,1032.48,95.56,482.1
13.97,40.78,1026.61,47.06,495.0
18.5,48.08,1001.02,36.43,488.3
4.36,50.2,1026.25,58.25,495.0
10.44,46.51,992.75,51.73,495.0
20.09,25.82,1026.45,88.18,481.34
28.23,72.21,1030.06,41.61,460.23
10.6,51.76,999.88,53.37,495.0
18.58,73.75,1026.13,51.44,480.3
30.31,25.65,1031.95,60.73,463.76
35.9,78.24,1008.16,26.43,449.52
24.36,38.63,1031.63,69.88,474.21
22.58,38.01,1018.66,68.2,479.02
19.78,73.64,1028.09,99.81,475.34
16.74,61.82,1002.29,52.82,492.88
26.88,62.4,1000.23,37.94,472.48
7.28,56.67,1020.96,91.52,495.0
33.38,56.57,1005.79,72.71,445.86
31.36,34.35,1020.27,88.04,456.27
16.5,72.58,993.39,30.09,492.56
31.58,75.33,1015.93,73.72,453.2
4.73,52.61,1025.29,78.15,495.0
30.3,52.25,1012.51,47.41,460.22
26.16,45.29,996.48,59.1,467.12
9.34,43.97,1016.55,93.99,495.0
28.06,73.32,1026.98,74.92,459.07
13.86,48.87,999.27,49.35,495.0
14.72,27.63,1028.34,65.01,495.0
6.77,37.94,995.88,88.89,495.0
32.1,47.22,1021.94,36.05,461.66
27.86,74.48,1015.54,49.76,463.12
6.95,36.35,1012.61,62.1,495.0
25.11,76.74,1001.18,27.82,468.06
18.06,75.91,997.07,71.21,481.73
18.05,33.94,1011.14,71.0,488.68
10.08,81.52,1033.53,43.79,495.0
24.14,80.1,1002.34,73.18,467.75
22.09,27.92,1029.03,86.8,476.78
24.0,78.67,1030.41,57.39,471.99
6.3,78.36,1003.87,72.44,495.0
13.83,59.88,1005.93,79.15,488.88
21.53,58.53,1033.07,81.57,475.27
22.73,29.77,1008.43,46.61,484.26
33.91,64.96,1020.08,62.57,445.75
31.81,57.4,994.09,70.01,451.51
14.47,48.06,1005.4,25.65,495.0
4.18,72.85,1022.7,29.6,495.0
21.42,76.81,1024.62,50.28,479.18
15.28,79.57,1029.57,54.75,487.88
28.66,55.68,1017.57,41.87,466.79
16.93,64.57,1032.63,80.86,489.11
20.83,74.1,1032.97,86.91,474.38
15.22,32.02,1007.25,65.51,495.0
32.77,32.35,1006.14,47.9,452.95
28.83,78.7,1007.09,44.1,462.56
33.74,41.16,1008.7,54.97,454.67
12.4,42.37,992.09,98.83,493.9
28.41,60.16,1021.77,44.73,462.81
4.45,74.62,1025.75,100.18,495.0
11.15,69.47,996.02,43.8,495.0
19.99,51.97,995.11,72.74,479.04
35.99,61.19,1031.55,83.84,438.65
32.59,55.55,1027.49,71.14,452.75
29.55,28.12,1004.24,42.3,471.59
28.86,30.35,1032.37,26.81,469.88
3.84,74.94,1015.59,42.07,495.0
18.39,38.61,1022.71,30.36,495.0
10.66,62.81,1017.55,84.1,495.0
34.62,65.05,1026.64,92.07,444.2
27.78,70.82,1006.08,81.57,459.2
20.43,48.56,1016.84,38.43,488.89
22.38,48.65,1010.12,71.82,475.26
16.37,54.68,1003.3,53.7,488.88
29.87,72.45,1008.59,40.36,465.99
25.1,75.56,997.81,59.39,465.46
22.08,33.05,1005.06,52.09,482.23
6.56,51.8,995.68,93.61,495.0
10.57,66.5,1002.75,35.74,495.0
14.86,51.16,1021.21,27.38,495.0
14.11,42.12,998.34,66.61,493.82
5.46,67.59,1013.58,51.64,495.0
35.51,36.79,995.77,75.84,447.36
16.23,41.38,1004.58,96.02,486.62
23.34,51.81,1030.43,90.75,471.58
34.31,51.82,993.96,74.37,448.02
18.53,39.69,1020.16,84.21,486.28
12.93,54.62,994.85,71.99,493.02
35.95,67.92,997.02,64.77,444.13
33.21,47.54,1030.2,66.73,446.54
29.45,56.52,1017.58,64.97,457.46
32.82,68.46,1022.86,30.6,455.98
19.04,76.51,1009.58,67.94,480.3
32.53,48.57,1026.66,73.4,451.35
33.81,77.97,1023.15,40.71,450.37
16.97,30.8,1003.51,97.73,485.28
8.93,71.33,1032.76,70.06,495.0
11.84,52.37,1023.03,54.3,495.0
19.41,48.35,1023.67,49.48,479.35
35.54,76.06,1013.37,65.51,440.72
8.19,46.15,1027.4,58.6,495.0
35.53,79.97,1015.09,50.14,445.86
4.37,54.36,1001.74,81.91,495.0
35.31,69.87,1019.5,56.2,446.51
8.36,36.2,1017.62,35.64,495.0
16.09,74.96,1015.99,52.83,484.74
4.21,70.29,1012.44,34.4,495.0
16.28,31.62,1027.15,25.8,495.0
27.74,79.7,1025.09,78.67,460.81
14.16,34.81,1016.68,33.6,495.0
28.99,79.98,1010.23,86.45,453.31
17.68,66.32,1016.41,84.29,481.8
27.49,29.28,1007.59,81.97,468.91
20.82,68.07,1020.8,57.39,483.93
19.95,75.57,1021.28,67.18,475.35
34.26,53.33,1028.01,29.98,456.93
6.0,51.32,992.31,59.88,495.0
25.88,80.3,1012.13,32.69,467.91
23.86,69.26,1013.15,35.36,474.55
2.99,66.83,1008.53,56.66,495.0
5.02,69.47,1023.73,57.1,495.0
25.74,81.13,992.71,60.59,464.41
8.81,70.86,1033.73,68.39,495.0
16.45,66.76,1009.89,93.63,481.45
34.29,34.39,1003.16,43.84,450.37
15.92,70.37,998.89,61.39,487.05
36.87,35.3,1023.57,94.99,442.05
7.0,60.31,1024.98,60.37,495.0
23.02,30.4,1031.73,69.08,482.86
8.53,52.78,1031.14,33.15,495.0
15.46,31.71,1033.72,90.5,495.0
23.35,76.05,1020.07,74.41,469.73
11.64,69.4,1018.16,43.16,495.0
25.13,66.7,1011.21,57.51,466.47
5.96,56.38,1018.5,42.89,495.0
22.21,74.32,1011.6,32.23,477.05
24.1,39.86,997.14,71.39,475.34
13.65,75.4,1024.77,88.79,487.64
4.73,44.26,1014.35,57.46,495.0
19.83,34.21,1004.26,72.36,478.64
3.52,65.35,1018.69,79.35,495.0
8.98,64.29,1011.65,33.04,495.0
2.45,75.52,1004.42,66.13,495.0
22.39,79.33,1005.7,32.62,480.65
22.54,34.67,998.15,31.11,481.07
9.63,33.96,1002.87,42.01,495.0
15.81,34.12,998.87,44.55,495.0
36.8,54.95,1005.6,50.11,442.15
30.33,72.19,1023.52,40.24,460.96
16.18,77.95,998.55,34.67,490.76
20.98,50.3,1008.07,76.71,476.55
15.14,74.69,1008.33,27.25,495.0
20.57,66.3,1030.4,46.87,480.32
27.3,40.72,1025.53,79.14,468.35
34.12,60.78,999.31,57.49,451.49
7.86,72.96,997.99,87.59,495.0
15.07,57.34,1023.06,68.98,488.32
29.32,72.13,1006.39,34.72,458.16
31.42,63.24,1033.48,61.8,455.57
23.77,64.48,1000.73,30.58,476.0
19.74,58.53,1016.67,57.3,481.38
4.55,61.78,1027.75,32.26,495.0
12.87,80.26,999.8,48.06,495.0
20.31,54.25,1026.38,69.16,483.06
19.85,51.16,1010.48,28.31,487.81
15.33,52.44,1000.84,74.66,492.73
3.97,69.68,1005.64,56.92,495.0
29.27,74.21,1019.85,93.18,453.63
6.32,49.79,1010.1,44.33,495.0
11.13,46.35,1016.47,34.11,495.0
29.59,36.9,994.2,83.08,457.31
5.64,59.76,1005.8,94.41,495.0
16.35,49.02,1010.12,97.3,485.53
30.18,36.1,1009.61,77.47,458.41
36.06,63.94,1000.74,39.44,446.2
26.55,57.64,1021.31,83.94,461.29
2.27,76.73,1004.18,71.78,495.0
7.27,27.15,1019.64,76.96,495.0
31.53,64.58,1014.48,85.72,449.09
12.19,78.36,1003.84,57.9,490.72
34.47,31.9,1027.49,73.68,450.4
34.25,61.56,996.73,75.3,448.26
31.45,55.05,1030.85,81.66,449.72
10.49,61.15,1004.72,74.71,495.0
20.44,51.56,1015.09,87.8,479.78
37.09,36.93,999.04,54.29,448.48
12.49,30.77,1026.29,57.25,495.0
36.8,42.38,993.07,59.87,447.83
2.7,80.42,1017.71,46.16,495.0
10.88,49.69,1018.08,76.59,495.0
6.51,35.9,1008.49,76.45,495.0
6.46,28.82,1014.74,65.66,495.0
22.02,56.69,1013.97,80.8,468.53
30.91,70.56,1002.69,45.11,458.08
13.5,45.54,1021.53,67.94,495.0
7.11,73.78,1031.57,89.73,495.0
28.24,37.89,1003.15,46.63,464.9
2.25,79.97,996.2,72.41,495.0
19.01,50.42,992.28,42.81,488.51
4.52,29.7,1000.98,85.59,495.0
5.02,58.8,1012.28,29.04,495.0
6.77,74.22,1018.89,77.32,495.0
30.85,74.28,994.1,91.87,445.82
33.43,74.89,1026.0,59.83,445.81
35.66,62.64,997.84,70.8,445.25
7.51,67.51,992.05,76.52,495.0
2.5,56.37,1020.17,83.91,495.0
35.38,45.57,1016.3,78.24,446.13
7.02,60.0,1003.29,68.24,495.0
21.34,50.89,1030.35,40.52,486.62
5.4,52.22,1009.85,40.66,495.0
23.02,26.85,1010.42,95.42,474.06
11.34,67.79,1011.79,32.49,495.0
4.89,55.34,994.22,79.42,495.0
8.36,34.71,1023.99,36.58,495.0
27.03,73.82,1010.85,32.27,469.7
27.87,30.69,1033.44,45.61,473.6
18.46,28.93,1013.29,63.29,486.36
8.46,28.06,1007.56,36.69,495.0
23.4,78.04,1027.8,71.82,470.07
33.31,73.28,1010.1,84.36,443.96
27.29,46.74,1026.89,68.2,469.92
34.57,48.24,1020.02,56.38,446.81
36.67,66.24,1020.85,70.09,440.13
6.6,41.05,1021.9,94.79,495.0
17.23,47.42,1026.13,32.03,494.42
34.12,29.86,1014.1,73.52,449.68
21.27,40.18,1028.06,93.61,476.86
10.51,67.29,1019.66,76.29,495.0
20.94,40.96,1021.49,60.54,483.72
23.76,42.22,1027.15,88.45,472.51
31.28,64.45,1003.53,83.84,449.57
34.07,68.48,1019.95,41.93,452.21
24.95,36.48,1013.63,97.29,468.56
21.27,71.7,1033.7,65.71,477.32
9.56,63.11,1009.68,91.69,493.31
12.0,76.69,1012.05,84.07,488.76
32.51,56.79,1014.21,77.65,448.44
10.21,52.53,1010.07,56.05,495.0
22.28,72.85,1024.24,79.62,468.14
24.01,71.11,1014.21,97.84,467.14
29.35,65.03,1011.97,47.12,465.08
19.51,70.6,1005.81,67.66,479.66
3.54,48.08,1028.3,62.83,495.0
4.8,70.21,1023.69,77.01,495.0
31.04,34.42,994.07,38.55,463.12
31.1,77.93,1023.62,51.85,455.54
4.81,38.03,1007.45,26.19,495.0
17.73,61.87,1032.08,87.28,481.78
5.39,63.54,1024.51,89.8,495.0
17.08,54.38,1028.68,71.73,486.8
17.48,60.51,1021.24,32.66,495.0
14.27,56.5,1015.03,81.17,487.7
17.84,34.39,1021.56,34.78,488.42
30.03,40.49,1020.11,94.18,458.71
2.53,37.58,1018.15,73.63,495.0
31.66,58.32,998.25,90.47,450.0
21.05,74.0,1032.41,28.04,485.9
8.59,63.84,1007.14,81.58,495.0
19.37,79.08,1012.0,87.18,472.21
23.44,44.91,1004.0,86.68,466.2
20.22,66.16,1020.42,35.21,486.09
22.57,32.6,1030.02,90.83,477.72
20.72,77.65,1022.96,54.26,479.51
13.26,62.27,1020.39,83.61,494.78
20.68,46.42,1033.56,36.92,489.41
24.07,48.24,1010.71,35.58,481.01
24.43,51.29,1032.57,49.37,469.33
8.18,37.22,1019.17,48.42,495.0
8.4,75.34,1012.69,50.82,495.0
4.45,51.0,1015.96,75.53,495.0
14.96,79.43,1027.78,87.6,482.82
23.79,33.29,992.47,56.11,475.21
34.12,76.8,1014.77,53.31,450.43
27.27,73.7,995.63,52.79,464.18
16.54,29.45,1013.14,63.0,493.19
31.32,41.78,993.03,42.07,457.82
1.89,80.85,1007.94,61.9,495.0
27.43,63.17,993.76,28.51,463.49
28.6,49.39,995.51,81.24,459.18
9.8,60.5,1024.33,99.05,495.0
21.12,70.15,1000.81,67.93,475.98
36.21,32.88,997.8,79.57,441.47
1.99,70.98,1001.14,55.26,495.0
3.42,65.83,1021.33,30.55,495.0
26.61,45.82,1020.33,36.36,474.36
36.03,78.89,1000.02,53.76,445.95
32.08,66.07,998.65,84.01,448.19
14.25,48.09,1011.41,61.86,490.18
23.86,28.67,1020.95,78.8,477.62
18.66,32.46,1009.71,29.64,495.0
30.08,74.38,1007.8,53.59,462.3
17.45,51.15,1007.08,98.3,481.27
24.3,44.16,1006.11,99.23,467.5
30.12,38.51,1023.18,100.04,451.19
31.72,61.36,1006.93,43.74,453.51
18.92,53.28,994.49,74.13,485.34
5.05,61.11,1001.65,34.81,495.0
23.06,63.58,1010.54,40.16,474.67
34.88,58.52,1002.99,55.15,450.59
25.11,45.6,1028.26,28.11,474.52
2.74,29.28,1028.29,85.49,495.0
28.07,72.36,1019.27,48.08,466.19
33.25,80.14,1000.74,56.0,453.01
8.37,57.83,1021.02,66.61,495.0
23.06,40.15,1007.21,75.11,471.27
14.41,66.12,1028.11,67.09,491.88
31.74,26.95,1020.87,79.12,459.1
3.08,59.34,1006.2,57.97,495.0
20.68,49.48,1011.15,36.87,480.32
12.01,32.87,1005.5,97.84,495.0
37.09,35.64,1029.86,80.41,445.96
2.37,56.41,1001.58,81.66,495.0
10.7,71.31,1003.62,71.68,495.0
19.27,42.09,1013.29,37.73,493.41
6.12,38.02,1016.21,66.68,495.0
16.95,80.52,1015.14,80.11,480.5
6.69,76.9,998.86,45.63,495.0
28.02,44.02,1001.9,50.96,467.34
34.54,62.01,1018.97,71.03,446.76
4.99,77.71,1018.69,28.39,495.0
33.36,71.77,1028.27,55.4,450.16
28.66,73.11,1025.25,72.28,457.95
13.15,76.72,1007.28,53.44,494.33
28.0,51.91,1019.26,65.71,466.27
35.01,33.19,1014.63,92.94,443.09
33.36,56.83,998.29,91.59,447.91
17.22,41.49,998.44,63.44,489.68
21.36,49.84,1012.47,73.26,480.6
14.73,30.67,1019.17,74.74,495.0
8.03,48.83,1017.62,68.9,495.0
16.61,40.04,1031.46,98.61,488.63
16.75,56.58,997.74,36.58,495.0
11.74,33.84,1025.2,27.24,495.0
20.8,28.88,1018.1,44.86,490.59
28.39,46.08,1029.2,100.12,460.06
10.34,71.8,1026.16,73.04,493.16
15.53,80.51,1029.86,46.72,492.15
31.09,27.78,1021.47,63.75,460.12
29.32,57.49,1031.91,99.11,457.9
28.52,48.51,1001.97,84.01,457.67
11.71,30.98,1020.8,85.48,495.0
33.56,46.76,1018.25,91.56,441.88
12.66,45.78,1027.93,74.64,495.0
14.84,53.25,1020.23,92.52,491.83
35.41,34.41,1012.71,94.08,442.95
32.45,41.38,1029.72,37.56,458.81
22.89,68.02,1023.46,44.34,475.73
29.02,46.74,997.31,70.4,459.49
4.29,56.59,997.97,95.18,495.0
36.55,55.38,1016.65,81.17,441.94
10.58,71.57,1000.11,42.04,495.0
4.36,76.72,1004.97,80.73,495.0
28.93,41.04,1024.76,90.6,462.74
27.5,30.09,1018.37,62.66,467.95
6.47,59.42,1011.76,86.73,495.0
18.48,28.9,1004.05,84.1,486.04
12.34,35.01,1025.78,31.77,495.0
32.14,66.98,1033.59,84.29,446.98
23.65,53.31,1028.85,33.2,477.54
14.66,62.23,998.95,38.49,495.0
20.72,36.83,1028.62,62.67,487.22
26.63,57.92,1005.54,64.2,465.11
2.03,70.43,1005.44,85.62,495.0
33.07,77.99,1017.17,97.61,441.98
33.88,71.6,1003.96,78.68,443.97
35.2,71.33,1006.35,62.85,444.52
3.22,66.26,1018.71,68.8,495.0
12.76,46.94,999.41,43.39,495.0
5.21,37.84,1014.67,38.5,495.0
30.05,52.41,996.88,35.68,459.53
6.51,54.74,1005.06,83.4,495.0
9.85,36.21,994.62,83.83,495.0
36.75,50.92,1020.21,29.18,451.1
24.96,80.97,1001.88,72.99,462.62
4.82,64.18,1009.26,36.75,495.0
32.68,66.46,1021.43,50.74,455.93
10.82,47.26,1030.98,87.44,495.0
10.95,65.0,1020.51,73.88,495.0
14.74,61.58,997.48,65.14,490.44
4.14,51.78,994.46,60.46,495.0
36.18,30.39,1027.99,79.29,443.56
21.65,58.64,1023.26,99.47,474.75
24.95,71.35,1031.49,72.06,471.39
8.6,52.28,1027.17,49.75,495.0
2.08,67.81,1012.5,84.84,495.0
8.26,37.13,995.69,72.58,495.0
12.1,52.45,1021.6,72.14,495.0
12.37,38.76,1007.47,63.84,495.0
12.16,44.99,1005.16,95.69,493.97
21.03,32.01,997.76,48.74,484.86
3.87,69.43,1008.35,64.69,495.0
28.83,26.6,1014.05,36.15,469.42
13.38,56.05,1032.77,40.08,495.0
18.92,28.2,1028.69,94.58,485.22
29.98,53.2,994.65,79.39,457.39
8.86,34.03,1022.24,53.05,495.0
10.32,73.3,1013.79,94.6,494.68
25.34,36.7,1019.72,35.58,476.11
13.58,57.98,1021.47,98.2,486.45
2.6,55.72,1023.36,85.68,495.0
25.34,46.84,1005.03,71.9,467.39
15.08,31.81,1018.76,50.67,495.0
5.89,51.19,1016.12,69.3,495.0
6.82,36.1,1027.06,29.84,495.0
29.8,34.51,1019.63,77.3,458.12
22.18,47.96,996.6,93.03,473.37
23.16,73.04,1028.07,87.27,468.77
15.2,67.85,1005.37,28.41,494.9
36.11,60.46,1024.69,92.47,441.3
35.08,37.09,1004.95,59.26,451.85
33.84,52.19,1001.13,73.9,451.88
8.37,66.13,999.51,35.35,495.0
8.4,45.58,1015.35,26.34,495.0
22.29,44.83,1001.22,28.32,489.87
29.88,72.22,997.72,33.66,461.87
19.73,62.23,1020.48,55.71,480.0
9.33,26.9,1007.62,33.98,495.0
24.17,28.28,1031.87,51.07,478.82
23.23,80.95,1026.93,41.09,476.72
14.12,42.61,995.13,33.68,495.0
6.14,72.69,1030.0,88.16,495.0
14.09,72.64,1001.02,82.64,485.03
7.9,75.0,1013.83,35.07,495.0
11.37,69.3,1008.05,83.79,495.0
17.69,65.42,1012.08,99.31,480.83
9.8,46.35,1010.54,69.0,495.0
9.85,54.15,1009.95,76.27,495.0
20.86,55.75,997.35,82.15,481.89
12.05,74.57,1016.24,76.05,493.6
28.04,40.29,1033.17,48.69,469.41
33.65,51.47,1000.06,66.76,443.22
23.87,28.88,1014.54,37.21,482.47
27.15,39.47,1028.82,49.96,470.13
23.84,28.72,1023.88,30.63,484.28
17.37,57.96,993.66,50.22,489.24
17.62,73.08,1020.64,44.13,487.6
16.46,60.35,996.29,80.27,486.35
11.96,25.5,1021.18,52.5,495.0
8.27,44.54,1028.09,33.04,495.0
22.84,56.19,1002.92,44.23,481.03
14.19,61.84,992.03,56.33,489.71
9.07,42.2,1005.49,41.59,495.0
24.42,49.75,1016.59,85.21,468.09
17.8,53.68,1023.26,87.05,484.24
24.66,53.71,1002.57,86.56,468.06
16.08,67.76,1014.28,69.13,486.31
35.2,67.15,1028.47,40.03,449.22
34.61,48.4,1026.74,63.75,448.87
4.98,43.86,1012.97,78.7,495.0
7.26,66.56,1018.69,38.62,495.0
19.03,61.97,1011.27,35.85,485.42
24.53,45.53,1005.88,73.6,468.35
8.83,68.62,1013.15,42.93,495.0
5.91,65.45,1000.75,90.92,495.0
10.14,80.7,1018.9,69.2,495.0
9.3,80.94,1024.68,66.41,495.0
21.75,28.75,1014.1,87.16,476.79
9.09,54.67,992.21,84.53,495.0
5.1,46.32,1004.77,74.71,495.0
33.27,40.17,1026.12,88.61,451.63
10.62,64.12,1028.87,48.05,495.0
27.96,61.98,995.39,50.3,464.1
11.02,32.72,992.45,55.57,495.0
30.84,51.14,994.61,39.14,462.73
20.12,57.7,1023.17,30.55,490.59
4.34,51.19,1012.37,33.93,495.0
27.96,38.62,1015.59,36.19,473.06
17.31,55.0,1011.1,62.55,490.05
5.69,71.31,1008.62,80.06,495.0
35.07,58.8,1014.82,71.59,447.17
24.67,26.42,1017.57,63.82,478.5
24.77,73.4,1029.4,36.5,472.73
11.14,70.97,1011.06,53.08,495.0
24.13,27.52,1031.17,85.84,473.37
1.88,37.15,1012.63,97.03,495.0
21.64,42.26,1024.86,45.05,482.6
15.37,70.66,1011.88,81.01,484.81
4.0,54.2,1027.93,71.12,495.0
16.36,36.68,992.8,29.72,493.5
25.7,56.44,1023.14,77.74,465.22
15.51,31.39,1028.99,63.39,495.0
21.77,78.51,1032.08,43.64,479.2
9.54,27.88,1028.49,89.98,495.0
6.95,60.87,1013.77,89.79,495.0
26.47,81.27,1025.41,52.31,464.62
27.12,53.4,1024.44,81.88,462.94
5.58,64.27,1004.07,63.52,495.0
6.86,63.16,1014.67,43.77,495.0
35.75,53.82,1001.7,56.33,449.5
23.47,57.77,993.46,57.88,473.71
4.86,73.76,992.33,35.63,495.0
5.48,68.94,1028.76,95.09,495.0
15.57,69.38,993.86,60.72,487.86
16.55,25.83,1033.68,91.63,492.57
21.16,61.1,1020.83,25.76,486.01
20.12,53.43,1032.96,86.87,482.02
14.42,45.94,1004.87,67.99,495.0
31.13,64.94,1023.84,63.7,459.83
12.76,49.15,1003.99,41.22,495.0
21.38,76.97,1023.17,93.19,475.5
4.84,57.57,1006.27,93.72,495.0
10.72,67.7,1019.92,51.93,495.0
31.83,60.55,1029.96,39.87,456.81
36.55,40.73,1013.59,56.02,446.29
21.82,53.35,1015.29,63.24,479.97
30.15,57.34,1023.15,54.17,456.76
12.49,57.05,1017.08,61.94,495.0
24.54,49.69,1002.2,49.7,472.94
5.31,29.29,1010.36,28.8,495.0
14.95,33.65,1017.23,48.17,495.0
24.1,68.81,1023.74,53.88,472.73
33.07,44.45,1021.04,80.71,451.65
32.42,30.06,1019.45,52.09,458.65
33.14,53.05,1028.99,53.99,454.65
13.24,33.61,1008.08,73.69,495.0
19.97,49.69,1013.97,31.5,486.63
18.05,76.91,1002.05,75.04,478.84
27.06,41.68,1006.77,56.45,469.15
34.96,64.08,1025.05,91.39,443.89
10.06,44.4,1005.42,72.85,495.0
22.85,48.77,993.96,98.18,471.08
19.49,60.18,1029.85,27.82,489.29
28.56,52.67,1015.6,30.78,469.02
2.63,73.75,1000.48,86.29,495.0
20.73,51.47,1031.55,94.25,477.27
28.92,34.39,996.23,27.79,471.11
10.61,31.19,1007.03,66.08,495.0
24.4,58.41,1010.56,93.14,467.18
28.75,40.66,1025.42,88.94,465.08
10.2,29.62,1001.86,74.19,495.0
12.11,49.77,1016.28,40.68,495.0
5.0,73.61,1014.53,38.59,495.0
15.52,76.26,992.69,74.52,482.18
11.07,28.54,998.28,43.25,495.0
10.18,75.87,1009.4,49.3,495.0
7.99,65.54,994.94,39.41,495.0
18.88,37.9,1032.5,85.03,483.47
27.36,70.72,1004.83,48.44,461.29
5.24,54.65,1033.43,51.12,495.0
34.52,35.37,1000.27,37.34,457.74
32.17,65.59,1002.7,83.38,447.0
20.41,32.08,1019.02,74.78,480.67
4.86,51.49,1033.88,72.66,495.0
36.98,35.78,1014.29,51.61,448.59
33.45,75.86,1033.5,86.88,445.39
13.37,46.73,1010.29,71.9,495.0
18.14,66.43,1021.81,84.32,482.67
12.38,77.78,1015.61,43.4,495.0
7.96,46.99,1012.86,70.89,495.0
27.96,74.65,1000.08,78.43,456.78
10.31,64.73,992.84,88.29,495.0
32.69,28.36,1014.46,70.39,455.55
29.88,31.44,1006.99,98.69,458.34
25.34,80.67,1023.58,60.06,469.68
7.2,65.26,1017.38,78.93,495.0
17.0,65.62,1009.89,82.13,483.71
20.46,48.9,1032.71,57.21,483.35
5.83,79.1,1004.0,86.99,495.0
10.45,71.74,1020.7,41.34,495.0
19.15,26.4,1002.46,35.17,494.87
34.07,45.13,1012.9,82.49,443.71
35.45,62.36,1006.05,87.78,445.09
26.77,50.46,1010.02,31.15,471.17
25.38,35.56,995.44,60.35,473.8
36.7,58.84,1023.84,83.95,443.16
19.34,58.39,1030.45,98.2,480.41
6.33,78.33,995.76,89.03,495.0
23.59,72.96,1011.97,33.55,476.7
36.54,42.8,1029.23,39.41,452.0
17.59,54.27,1025.99,79.15,485.44
8.32,76.77,1028.21,49.12,495.0
18.0,43.32,994.27,62.65,484.42
15.74,46.26,1023.92,89.21,489.23
11.44,41.69,1011.99,27.88,495.0
33.74,48.95,1029.96,76.96,451.49
35.0,67.46,1027.12,48.79,451.31
9.82,40.42,1000.22,96.24,495.0
10.67,64.51,1028.47,87.31,493.8
18.61,81.46,995.49,36.01,479.86
14.58,56.42,1028.14,61.14,495.0
2.32,30.44,1030.06,33.26,495.0
26.91,76.36,1029.1,39.77,469.12
13.8,45.94,1022.96,81.04,494.06
4.72,31.23,999.95,64.97,495.0
22.37,47.69,1005.29,38.97,482.97
9.87,77.92,1006.17,37.12,495.0
31.66,30.88,1024.32,93.98,457.63
32.53,46.11,993.66,29.01,456.97
34.48,41.76,1032.5,66.74,448.73
17.8,61.27,1026.74,71.52,486.15
27.36,37.17,996.9,95.33,463.29
8.86,56.77,1027.77,74.13,495.0
3.65,79.77,1000.2,92.78,495.0
27.96,41.08,1001.65,74.55,458.43
4.14,29.42,1021.34,33.15,495.0
25.26,27.36,1008.41,87.81,468.66
5.41,44.44,1018.88,30.44,495.0
19.99,61.42,1021.36,66.82,484.72
35.69,36.67,1011.45,89.53,442.35
27.67,48.24,1004.26,58.91,467.41
10.25,66.66,997.54,44.4,495.0
4.72,56.66,1030.27,88.54,495.0
28.25,70.03,1004.5,98.56,458.73
36.08,49.53,1026.73,69.02,444.32
30.31,57.36,1009.34,27.79,463.23
5.87,52.84,992.07,89.69,495.0
9.3,63.39,1012.11,69.02,495.0
24.44,78.36,1030.68,73.37,471.08
37.03,79.99,1025.8,29.78,447.57
31.76,54.55,996.57,79.25,450.72
15.28,74.1,1025.34,80.37,484.68
20.02,31.39,995.09,33.94,490.7
23.34,59.24,1012.39,51.0,475.64
17.2,63.74,1000.76,74.23,487.59
35.54,37.08,1028.93,32.74,455.52
36.65,44.75,1016.31,83.74,438.92
16.87,56.84,997.5,68.91,488.68
35.12,44.44,993.42,84.29,446.63
18.3,78.26,1006.26,36.18,489.74
22.14,69.41,1031.59,45.63,476.02
2.78,45.02,996.43,51.55,495.0
26.32,50.23,1027.75,40.43,471.96
8.03,69.14,1010.15,74.7,495.0
16.62,48.98,1012.82,74.84,493.45
6.09,48.76,996.2,40.57,495.0
24.19,33.13,1012.73,64.23,476.57
17.54,25.61,1013.09,87.28,486.88
16.82,73.98,1013.71,65.81,485.31
27.09,38.34,1020.63,99.0,465.7
7.81,80.08,1008.99,26.08,495.0
33.54,61.48,999.58,83.99,446.04
26.16,42.24,1015.74,59.3,468.52
3.74,77.66,1028.64,44.53,495.0
10.89,43.11,994.45,99.19,495.0
4.9,39.75,1015.59,73.34,495.0
23.57,37.05,1026.59,63.85,480.46
16.46,40.53,1018.76,54.94,489.85
26.13,54.42,1021.01,78.67,463.08
4.74,55.74,1017.71,62.6,495.0
9.65,56.21,1011.03,28.37,495.0
9.18,34.57,995.98,34.42,495.0
3.7,70.38,1007.52,63.76,495.0
5.79,68.71,1005.64,88.13,495.0
25.24,64.26,1017.16,40.91,470.92
10.08,29.09,1033.19,91.95,495.0
6.78,34.62,993.2,58.95,495.0
26.15,38.96,997.78,83.89,466.63
10.09,39.11,1005.19,33.31,495.0
32.28,36.36,1025.76,51.89,459.72
36.12,31.56,1016.98,89.55,441.27
5.19,29.82,1014.42,49.14,495.0
30.86,80.71,995.11,66.64,450.34
33.69,62.1,1007.85,46.78,454.2
16.79,31.58,1019.0,93.16,490.79
24.34,66.52,995.42,91.07,466.16
29.74,63.85,1029.0,61.02,458.39
36.32,71.48,1006.42,58.23,442.57
35.19,61.81,1032.65,68.5,446.45
35.75,37.16,1025.8,79.12,443.01
5.47,36.16,1009.03,28.36,495.0
2.36,80.94,1007.01,91.76,495.0
36.31,70.15,1029.69,41.02,446.97
35.77,31.88,995.53,41.91,454.49
23.26,54.94,1029.34,43.35,482.41
25.68,80.95,1001.67,86.67,461.17
5.54,34.39,1002.22,43.94,495.0
17.74,57.78,1031.69,26.74,493.57
15.78,47.82,997.07,75.97,490.58
12.39,49.1,1031.94,45.59,495.0
22.03,51.54,994.81,29.51,485.42
34.95,50.05,994.78,50.86,448.17
23.28,26.45,992.04,51.82,481.23
4.81,32.8,1006.7,76.4,495.0
5.39,41.59,1006.28,43.27,495.0
5.98,48.76,996.14,65.94,495.0
17.8,26.87,1023.58,59.2,495.0
24.75,55.05,1001.78,54.18,477.23
21.68,80.17,994.96,92.42,466.22
9.54,38.37,1004.76,86.92,495.0
4.66,77.18,1000.95,83.57,495.0
14.78,70.44,1024.63,56.2,488.94
23.19,32.43,1004.52,33.71,481.6
16.59,34.17,1031.5,34.41,495.0
26.44,44.07,1027.98,28.12,472.76
18.88,73.96,1001.33,26.48,492.01
29.82,33.55,1017.97,90.97,463.31
28.87,35.8,1012.59,86.42,461.03
23.26,59.05,998.83,26.65,480.01
26.23,34.37,1002.13,45.91,470.94
14.03,48.07,1023.51,56.76,495.0
35.25,64.3,1005.47,37.08,449.2
18.86,51.46,1029.2,64.32,485.72
4.51,60.01,1009.52,40.8,495.0
2.53,28.09,1019.63,44.96,495.0
4.23,43.05,1029.26,63.76,495.0
11.42,71.18,1029.47,88.37,495.0
17.33,46.13,1010.36,37.14,492.23
9.32,72.82,1018.14,29.76,495.0
10.29,44.7,999.89,73.94,495.0
27.02,53.86,1005.36,89.2,458.21
23.83,50.21,1020.45,87.37,469.73
28.86,80.95,1007.38,68.25,460.62
18.87,38.2,1018.23,64.86,485.34
9.41,65.64,1015.32,26.5,495.0
36.89,62.05,998.0,31.43,447.49
8.32,35.43,1029.33,57.28,495.0
11.9,48.38,1020.66,69.86,495.0
34.59,62.6,1003.72,35.71,454.18
32.42,66.45,1025.54,64.63,451.98
24.2,49.55,1019.1,42.89,477.34
30.66,50.77,1024.01,42.87,466.66
7.87,25.83,998.86,27.57,495.0
6.59,62.32,1023.12,75.57,495.0
16.35,75.22,1023.82,95.78,483.26
6.89,39.08,1015.74,31.0,495.0
28.63,56.81,1001.01,76.52,458.53
33.38,77.8,1028.75,85.69,444.83
13.61,72.97,1008.06,43.09,495.0
20.72,63.38,992.71,36.39,476.26
14.18,79.12,1010.7,29.9,489.66
23.28,50.38,1021.69,31.34,480.69
36.25,52.17,1023.14,75.6,448.95
35.23,56.85,1018.2,99.37,435.82
7.65,61.52,1028.87,95.57,495.0
26.8,51.27,1018.33,69.37,463.54
34.16,41.0,1007.3,80.7,446.63
11.06,30.01,1013.75,48.74,495.0
21.35,53.07,1030.0,93.98,477.58
24.14,71.25,1032.87,32.21,475.88
3.76,45.33,1000.21,49.67,495.0
23.26,32.71,1027.39,26.08,484.47
2.49,52.27,1013.94,70.73,495.0
2.79,50.63,1007.62,90.92,495.0
33.46,33.46,1019.58,66.57,455.48
25.58,60.43,1027.29,73.88,467.98
16.14,74.0,1013.81,61.63,486.79
35.22,31.51,1022.26,67.11,453.19
19.23,60.25,994.8,82.51,479.31
11.99,74.2,1003.33,84.69,491.08
30.95,48.36,1006.56,61.82,459.77
8.81,71.13,997.8,82.93,495.0
14.05,57.58,1029.51,78.67,495.0
30.04,54.6,1001.17,52.36,458.69
22.7,77.62,994.0,86.36,464.83
10.83,61.34,1007.28,69.11,495.0
23.46,53.92,1006.22,80.82,470.31
26.78,64.3,1032.37,30.44,472.56
26.14,48.07,1025.28,90.28,464.01
10.92,80.9,1023.54,35.16,495.0
20.74,45.01,1007.56,89.68,477.32
17.43,79.64,1006.83,88.15,477.28
14.01,45.53,1007.21,76.22,491.48
7.05,76.38,1008.86,30.53,495.0
6.43,59.21,1015.1,66.49,495.0
21.26,36.42,1009.7,92.29,475.0
10.34,77.84,1008.91,76.68,495.0
24.92,77.0,1033.34,98.58,464.97
24.44,74.47,998.66,85.73,467.59
27.6,60.55,1023.42,77.66,461.16
26.74,53.9,1019.2,91.78,463.22
21.55,60.55,1026.23,49.4,478.1
32.25,80.61,1026.18,79.53,450.96
24.92,26.87,1002.88,49.33,476.09
17.06,50.19,995.76,66.68,486.26
8.63,77.47,1019.83,91.66,495.0
3.39,55.04,1003.88,26.79,495.0
17.63,70.65,1015.99,66.0,480.52
21.1,78.1,1005.43,82.02,472.56
22.1,39.03,1023.24,89.14,479.47
30.29,59.55,997.81,86.83,450.69
27.72,36.23,1025.04,26.25,470.8
16.6,28.06,994.96,34.81,495.0
16.26,74.9,1024.36,30.38,492.76
4.9,60.03,994.95,74.57,495.0
30.71,51.74,1009.86,84.3,457.09
19.97,32.35,1001.12,44.95,489.42
26.89,40.19,1031.58,72.32,474.65
5.31,49.93,1020.55,60.47,495.0
30.52,59.42,993.91,68.98,451.0
7.93,46.67,1016.32,56.6,495.0
23.43,64.7,1030.56,81.75,467.98
24.13,60.06,1025.74,72.08,468.78
31.83,26.19,993.51,61.09,459.86
31.54,70.43,1033.99,44.18,460.65
24.66,56.36,992.37,66.02,472.09
14.92,33.54,996.33,40.0,495.0
28.39,74.31,1003.64,94.27,450.78
21.51,77.22,1031.0,27.21,482.38
35.17,30.59,1004.16,49.01,448.12
36.64,52.42,1013.59,76.82,441.34
27.76,65.86,1031.65,46.43,464.66
33.5,45.38,1029.74,47.2,454.71
8.73,47.1,995.26,77.94,495.0
20.16,34.68,1008.66,32.88,489.63
26.94,31.35,1023.72,83.38,469.99
27.22,41.63,1028.52,69.84,469.56
31.57,55.78,1025.39,29.58,463.29
10.66,73.67,1012.37,75.26,493.15
6.38,66.7,998.6,91.01,495.0
29.59,81.09,1009.1,62.27,455.12
9.71,55.76,1012.24,42.91,495.0
14.27,49.18,1005.39,90.4,491.78
27.77,41.28,1012.36,73.34,466.78
13.95,50.99,1016.83,28.85,495.0
22.62,55.66,1010.38,65.84,472.68
32.72,52.82,1026.44,49.64,456.73
22.4,41.52,1024.41,87.39,473.81
30.8,52.72,1008.29,85.84,456.33
9.85,53.28,994.59,84.22,495.0
3.7,54.55,1011.7,52.01,495.0
33.78,76.29,999.35,90.85,442.49
13.47,75.67,1013.88,91.64,486.75
3.73,46.13,1029.47,69.26,495.0
11.61,44.01,997.71,40.77,495.0
8.89,73.41,1016.25,97.27,495.0
26.35,49.31,1004.85,80.58,466.73
5.33,33.38,1014.06,26.16,495.0
2.19,58.61,993.42,58.7,495.0
22.91,29.61,1007.12,98.48,472.8
28.46,68.37,998.8,56.2,459.7
31.85,49.56,1003.47,49.47,458.49
12.9,50.46,999.34,64.49,495.0
12.77,71.51,1018.34,89.86,494.71
14.2,48.84,1010.18,28.43,495.0
34.32,70.56,1010.01,56.38,445.75
11.9,59.81,1027.87,62.27,495.0
33.52,38.7,1001.46,41.16,459.04
31.72,52.47,1032.61,98.9,452.28
8.32,43.37,1028.85,34.83,495.0
13.83,30.42,1031.55,26.8,495.0
20.54,60.45,996.07,53.24,482.27
24.41,30.72,1003.89,29.55,480.57
16.56,36.87,993.16,84.86,492.73
5.38,76.05,997.21,53.33,495.0
20.4,52.82,1006.14,57.93,483.01
32.76,31.49,1026.0,69.6,456.01
21.82,51.44,1003.26,64.06,476.13
18.45,66.99,1027.85,86.4,478.54
16.21,69.92,1003.47,92.78,483.38
23.73,44.71,1012.82,32.38,486.64
7.29,57.64,1005.57,64.08,495.0
5.48,32.15,1003.38,63.07,495.0
27.15,71.22,1031.43,49.29,466.34
28.35,34.6,994.83,86.52,462.52
34.99,32.52,1018.22,74.59,448.67
2.62,40.11,1013.01,70.24,495.0
16.21,40.41,1010.04,28.26,495.0
4.0,52.26,1018.75,96.3,495.0
31.07,50.39,992.92,38.76,457.73
10.15,72.91,1021.2,65.28,495.0
20.59,47.6,1007.78,80.25,478.47
25.88,69.67,1032.09,39.75,472.89
27.65,73.98,1019.57,84.68,461.97
18.67,47.72,1017.66,97.3,483.0
4.01,65.51,1000.4,81.98,495.0
22.46,72.54,1015.38,51.47,474.86
10.78,53.15,1019.24,91.0,495.0
5.57,64.7,992.12,55.89,495.0
28.33,48.24,1032.78,94.33,461.5
26.02,78.55,1029.51,85.11,462.79
25.4,65.73,996.79,54.42,470.03
26.02,41.99,1029.55,69.87,471.46
36.62,76.3,1029.07,64.33,442.55
29.01,32.45,1025.01,51.0,464.57
23.5,77.35,1019.1,53.71,473.88
11.49,47.57,1015.06,82.2,495.0
24.39,33.51,1012.35,26.01,482.2
7.47,81.6,1007.97,44.98,495.0
5.77,77.94,998.85,39.35,495.0
27.97,36.03,1015.84,65.93,466.05
2.07,81.52,1010.39,28.4,495.0
12.6,75.03,1015.31,69.85,491.08
8.21,79.24,996.16,55.15,495.0
6.86,54.15,1032.29,53.08,495.0
29.42,80.33,1009.96,47.94,461.45
31.97,57.06,1029.8,82.59,452.76
20.96,25.46,1026.62,86.68,487.03
25.82,39.95,1010.64,63.12,467.98
28.34,67.93,1013.17,90.29,455.71
30.55,77.6,1014.8,88.31,452.28
37.0,43.16,1006.33,84.18,442.61
10.19,74.76,1014.47,67.11,495.0
2.67,32.6,1027.74,89.93,495.0
8.24,65.91,1029.27,79.78,495.0
5.33,38.92,1020.83,30.66,495.0
4.73,51.09,1027.32,60.34,495.0
32.42,36.45,1009.19,46.49,455.73
20.01,39.56,1023.48,72.72,482.75
28.72,28.37,994.9,89.03,461.96
7.04,35.82,1018.31,83.26,495.0
16.78,74.11,993.9,85.25,483.48
3.13,53.67,1018.52,49.14,495.0
15.55,76.13,998.17,93.1,485.02
14.54,35.39,1018.44,44.52,495.0
24.73,76.24,1001.93,92.5,465.93
32.03,77.49,1012.64,41.87,454.71
17.39,63.25,996.73,96.74,477.52
34.29,68.96,1024.28,38.4,453.88
28.81,79.77,998.33,76.65,456.61
9.73,75.44,1006.1,68.42,495.0
13.41,61.16,1015.94,54.26,495.0
27.82,54.85,1009.14,42.29,465.87
18.34,26.71,1029.32,72.81,489.04
13.97,56.49,1004.29,76.49,489.44
9.68,68.64,1003.76,97.56,495.0
19.51,27.81,1001.37,81.27,483.69
24.3,35.17,1021.5,99.88,472.05
9.51,71.31,1026.86,40.38,495.0
23.95,38.88,1009.13,83.29,473.37
22.98,67.54,997.61,26.99,480.69
33.78,59.65,1003.04,34.93,456.4
12.05,44.28,1025.9,36.05,495.0
5.27,45.38,1012.73,78.44,495.0
18.51,44.9,1030.01,76.0,482.88
31.72,53.11,1025.2,58.04,457.9
11.72,74.82,1000.86,36.06,495.0
12.86,69.78,1021.45,48.99,495.0
8.73,29.72,1004.06,62.47,495.0
32.45,54.66,992.33,29.87,458.68
35.43,64.35,994.59,32.28,446.28
3.66,32.46,1015.87,98.61,495.0
19.02,39.25,992.49,46.61,486.49
15.9,65.74,1025.81,58.28,488.03
7.2,48.29,1027.37,44.01,495.0
22.26,59.16,1021.73,90.12,474.28
30.46,80.54,1026.29,98.39,452.23
2.55,32.02,1030.64,46.65,495.0
9.88,59.86,1000.59,62.75,495.0
24.56,74.18,1000.9,73.81,469.13
6.23,47.75,1005.69,74.43,495.0
31.37,25.62,1019.54,32.92,468.17
9.16,30.29,1010.73,92.92,495.0
28.99,80.94,1009.12,71.83,454.23
35.2,70.82,1001.67,40.92,447.12
7.27,59.17,1020.87,92.57,495.0
19.75,69.23,1005.8,73.48,475.27
25.21,64.17,1019.41,70.52,464.29
4.61,59.56,995.4,73.38,495.0
5.87,30.24,1020.32,56.04,495.0
29.42,76.97,1023.99,95.53,449.83
7.03,35.06,1012.26,90.31,495.0
24.7,40.62,1000.15,37.43,482.61
11.16,39.18,998.81,38.94,495.0
5.89,35.54,1033.4,63.33,495.0
20.43,26.87,1029.5,65.47,482.9
14.76,63.4,1028.8,64.22,494.15
33.91,53.56,1012.21,54.36,450.87
3.57,60.96,1026.53,75.93,495.0
5.09,30.73,1027.15,40.05,495.0
30.28,32.07,1006.68,52.86,464.3
17.78,45.17,1003.59,78.83,483.79
4.25,34.21,1032.55,92.79,495.0
26.16,49.39,992.49,48.42,466.87
9.78,63.85,1024.17,31.28,495.0
4.93,45.69,1028.42,98.12,495.0
12.58,80.14,1032.97,89.24,490.87
14.03,73.51,992.58,45.92,490.22
30.07,39.81,1012.46,45.85,465.93
23.01,65.77,1003.99,31.24,474.97
15.0,72.15,1028.5,67.62,489.52
36.47,34.35,1016.01,43.87,450.89
4.95,56.15,1009.69,95.57,495.0
7.84,59.45,993.91,78.59,495.0
13.99,28.38,1025.68,83.33,495.0
30.49,37.41,1029.18,84.63,455.81
16.47,35.18,1019.07,33.96,495.0
6.95,32.97,1026.41,90.06,495.0
25.82,46.36,1025.65,92.89,466.14
23.3,29.95,1030.23,47.45,481.89
19.6,33.96,996.7,86.85,477.41
27.46,67.34,996.87,29.19,468.32
25.21,57.92,1022.89,75.78,470.7
30.8,75.05,1029.88,59.99,457.89
35.06,33.98,1023.83,34.74,455.93
14.12,78.17,997.71,42.91,495.0
3.44,70.08,1009.37,40.33,495.0
18.61,57.6,1020.63,57.94,491.53
25.12,69.67,1019.45,70.61,466.27
31.29,37.28,997.69,63.52,455.75
26.04,72.12,1024.22,90.21,460.84
17.45,55.05,1006.64,40.22,485.93
34.21,45.5,997.75,33.73,453.76
34.96,37.45,998.97,93.0,443.79
36.77,77.59,1025.25,51.69,443.42
14.75,66.37,1021.72,30.15,495.0
31.89,59.09,1033.92,66.61,454.75
24.83,71.18,1020.97,39.58,467.85
8.02,32.77,1031.0,83.21,495.0
3.27,48.54,994.89,27.38,495.0
23.27,79.84,1033.7,99.28,467.38
7.28,70.09,1010.97,83.58,495.0
19.49,36.1,1006.4,60.07,488.01
33.58,47.16,992.27,32.91,456.14
36.04,36.24,1022.4,64.64,448.88
30.76,75.58,1004.1,56.58,457.78
23.64,35.1,1002.65,29.88,477.49
16.57,33.69,996.43,65.63,491.25
13.75,45.38,1008.86,63.79,495.0
9.04,32.13,1013.03,74.27,495.0
14.47,78.53,1016.06,73.25,489.64
29.34,39.91,1007.76,75.9,458.69
21.24,26.94,1012.06,43.56,485.98
10.36,47.64,997.69,92.55,495.0
36.27,43.95,993.94,84.93,445.64
32.64,59.31,1018.71,40.34,458.06
31.77,38.86,992.83,84.97,451.45
30.19,63.46,1026.94,87.38,457.67
20.59,74.04,993.98,91.43,477.5
35.08,38.77,1025.07,27.38,452.58
25.03,53.72,1027.7,64.28,468.76
30.6,76.74,993.69,58.22,454.83
7.52,36.02,1031.36,53.34,495.0
27.0,52.79,1017.42,77.56,461.37
14.55,38.25,1019.37,78.01,491.38
12.12,47.84,1006.28,87.44,495.0
11.1,52.23,1017.19,69.44,495.0
5.45,40.17,1021.16,80.71,495.0
24.51,55.98,997.99,67.79,472.78
3.82,50.34,1020.19,98.58,495.0
36.84,51.11,992.36,52.84,441.49
29.68,52.45,1006.18,72.69,457.99
30.2,56.53,997.61,66.48,456.8
35.34,39.92,1009.99,53.58,447.1
35.27,59.34,1012.78,27.05,453.61
11.15,54.73,1000.99,41.51,495.0
20.34,59.4,1008.25,61.63,479.39
34.53,42.51,998.09,72.31,452.66
10.62,80.55,1017.31,63.78,495.0
1.93,60.01,1009.14,41.21,495.0
18.01,25.85,1015.84,46.4,495.0
11.48,65.21,1033.37,93.4,493.91
6.86,71.7,1019.86,74.54,495.0
35.57,27.57,993.95,70.24,444.02
8.91,54.6,1001.26,31.25,495.0
30.53,53.6,1033.04,61.96,458.24
31.32,52.36,1022.71,69.27,458.03
29.99,50.21,1005.47,41.44,464.85
8.75,65.38,1004.06,93.99,495.0
26.34,47.22,994.27,44.07,467.54
25.76,41.46,1033.87,28.46,479.22
24.22,79.69,1032.27,61.68,469.65
19.28,70.69,1006.45,87.21,475.49
22.94,29.29,1009.03,26.29,488.43
10.89,74.44,1031.65,36.67,495.0
14.63,26.53,1032.84,95.21,494.03
36.28,47.85,1011.8,44.68,450.48
36.83,49.91,1022.98,76.6,439.77
23.99,33.47,1026.79,91.34,474.39
3.35,29.14,1010.82,27.97,495.0
17.79,69.01,1017.04,84.61,487.29
6.5,43.04,1019.93,59.89,495.0
30.94,57.63,1013.34,78.18,454.2
9.64,33.11,995.42,81.1,495.0
5.8,49.94,1007.5,33.72,495.0
32.43,72.73,1031.05,40.98,455.74
12.06,37.55,999.11,45.08,495.0
18.73,44.84,1010.73,28.25,485.89
31.01,58.26,1007.9,82.21,452.3
28.01,30.77,995.54,53.88,464.94
21.38,63.51,1032.69,59.04,475.79
26.92,69.27,992.5,27.7,469.31
8.92,54.82,1030.32,45.18,495.0
31.45,51.6,1008.35,35.2,461.7
8.68,51.85,997.33,92.19,495.0
26.58,33.7,994.18,89.36,464.58
36.49,66.66,1026.64,86.65,436.73
2.48,73.87,1004.22,95.91,495.0
32.48,37.41,997.13,33.78,460.36
27.39,69.93,999.25,96.92,456.39
23.32,27.56,1027.0,97.12,471.15
30.51,38.73,1028.9,42.61,462.44
11.96,78.45,1014.67,84.98,489.56
31.55,32.78,995.31,65.12,452.99
17.58,43.78,999.55,80.24,488.85
31.2,26.7,1023.07,71.89,460.31
2.55,28.62,1028.08,60.4,495.0
7.21,51.42,1028.07,71.2,495.0
35.47,59.76,994.84,40.82,447.67
26.25,50.19,1018.01,27.83,475.74
13.07,29.23,1010.52,83.12,495.0
21.59,68.41,1029.2,37.84,481.33
21.27,27.42,993.16,38.02,487.08
20.4,32.35,1006.23,51.19,492.03
31.36,46.7,993.56,43.59,458.89
30.58,63.47,992.22,31.34,460.62
12.84,68.21,1009.14,37.25,495.0
11.0,34.45,1009.4,66.63,495.0
22.62,58.4,999.28,33.63,477.47
24.84,64.13,1019.88,83.75,463.43
9.27,80.38,1033.24,42.22,495.0
35.97,29.29,1021.63,95.33,445.18
11.87,45.67,1033.94,48.86,495.0
9.17,49.44,1030.21,53.03,495.0
19.29,41.1,1011.77,65.51,485.62
13.12,34.29,1000.85,54.45,495.0
8.62,31.65,1020.45,53.48,495.0
28.93,80.15,1026.27,41.59,462.36
28.35,26.34,1011.16,52.24,471.43
21.21,55.79,1024.33,78.82,478.84
35.03,74.83,1024.12,76.17,445.28
8.65,46.35,1029.96,99.45,495.0
33.26,46.58,1026.08,82.89,449.88
16.57,81.39,1002.43,72.01,483.29
23.67,30.49,1033.16,80.17,478.09
28.27,38.6,1027.88,51.34,466.63
26.61,64.02,1022.45,48.58,467.47
14.2,76.81,1032.93,29.47,494.15
20.49,69.27,1016.68,95.11,472.98
24.77,80.98,1014.72,96.78,466.98
36.27,61.16,1015.56,81.76,441.59
11.22,80.05,1026.74,96.6,491.64
8.02,76.04,1029.87,46.04,495.0
33.35,27.06,1019.84,56.25,458.82
11.65,53.31,1028.81,37.63,495.0
27.95,31.38,999.77,89.41,463.72
6.81,35.7,1001.32,44.37,495.0
23.83,26.33,1007.6,87.83,475.9
17.11,44.74,1023.13,86.82,486.26
32.14,65.82,996.7,61.61,451.66
2.25,66.96,1018.74,85.95,495.0
18.66,75.79,1024.08,79.25,477.97
9.53,67.56,1024.88,63.35,495.0
12.79,55.23,1033.09,66.4,495.0
12.66,26.44,1000.92,83.91,495.0
30.73,79.64,1016.06,80.07,452.44
22.48,75.14,1003.08,59.56,472.26
25.46,58.34,1003.54,80.7,467.82
6.06,80.02,1017.97,59.72,495.0
30.95,76.65,1015.97,40.04,454.52
11.14,25.99,1030.91,70.12,495.0
35.55,64.14,1017.05,79.88,446.95
3.85,70.75,998.25,34.66,495.0
20.02,81.0,1011.48,37.92,481.07
16.5,48.57,996.05,77.04,488.01
10.29,62.35,1011.14,56.77,495.0
5.58,58.65,1024.88,81.44,495.0
10.63,77.9,994.13,99.47,491.93
4.13,48.04,1018.98,78.58,495.0
10.14,31.88,1013.11,92.29,495.0
34.65,39.61,1020.24,50.96,453.97
28.43,27.84,1015.4,89.5,462.83
36.67,58.85,1028.07,90.97,441.38
36.55,53.34,1016.39,96.01,438.99
9.04,29.6,1017.82,75.04,495.0
11.46,74.58,992.87,98.25,490.94
17.43,68.42,1002.43,58.62,486.67
25.21,32.49,1028.74,78.91,471.32
32.88,60.01,1010.93,89.47,444.19
34.44,54.53,1001.23,99.53,439.18
4.45,48.5,1027.89,75.96,495.0
13.16,77.22,993.16,80.29,491.67
7.49,36.48,1013.28,45.85,495.0
13.41,50.97,1002.98,66.52,491.72
18.15,70.21,1015.3,75.66,477.96
35.81,73.64,1020.04,99.26,441.19
17.75,52.35,1012.19,93.52,481.19
2.14,53.1,1031.56,49.31,495.0
16.58,29.03,1006.16,91.97,492.34
16.38,61.61,1028.54,36.59,489.88
12.61,57.91,1001.29,47.0,495.0
16.38,35.83,1009.0,64.46,491.89
12.37,48.71,1001.42,55.57,495.0
36.75,64.72,1013.97,88.68,442.1
14.16,58.53,1015.7,27.78,494.15
21.76,43.24,1009.59,58.58,479.45
19.56,75.22,1023.51,47.9,484.72
14.5,78.13,1023.52,89.25,487.4
2.83,26.9,1023.84,76.17,495.0
9.87,25.65,1017.99,25.68,495.0
6.94,48.72,994.25,68.13,495.0
12.59,26.38,1012.46,28.8,495.0
30.03,66.8,1020.71,54.85,460.24
35.62,38.58,1033.47,92.03,441.15
18.19,63.98,1023.65,35.65,491.4
23.09,66.27,998.09,53.38,477.35
17.88,50.64,1019.38,51.63,490.91
24.3,76.1,1001.9,94.79,462.05
3.72,47.91,1004.22,86.74,495.0
16.07,81.19,1017.97,43.51,492.95
29.58,38.29,1010.33,50.08,462.83
2.82,50.5,1003.79,78.28,495.0
32.38,55.29,1028.69,74.18,454.48
19.58,38.76,999.59,82.46,479.93
17.43,50.07,1010.6,34.78,495.0
20.27,27.25,1017.26,64.06,484.89
34.78,59.91,1004.95,36.44,453.14
21.55,53.56,1018.46,56.46,476.18
33.19,62.34,993.02,94.84,445.07
21.92,37.38,1032.11,32.1,490.27
21.97,67.17,1029.01,93.55,470.87
32.84,50.3,1011.4,65.0,449.21
4.27,44.92,1026.17,43.43,495.0
30.55,41.87,1029.14,38.83,463.56
21.49,65.7,996.66,95.84,467.34
33.08,79.27,1020.66,64.71,450.89
12.25,68.34,1014.31,98.37,490.19
12.2,67.08,998.01,91.57,492.35
27.1,51.51,1021.31,87.01,461.06
12.99,63.73,1007.73,65.55,495.0
20.67,77.88,1027.2,28.75,480.61
13.07,50.54,1010.23,94.25,491.16
14.16,35.47,997.95,36.9,495.0
10.54,58.6,1017.56,37.24,495.0
27.54,43.02,1015.71,90.42,461.29
15.62,30.45,1019.17,39.82,495.0
26.04,80.96,1032.4,75.03,464.32
9.69,39.71,1029.63,26.64,495.0
14.9,73.87,1028.48,61.88,495.0
31.41,51.15,1026.54,65.81,455.14
4.91,66.42,1020.2,69.27,495.0
3.14,43.96,1008.63,39.62,495.0
22.45,29.21,996.51,64.73,478.52
35.39,71.28,1013.44,44.17,448.52
14.49,68.04,1027.13,94.71,489.23
4.03,35.09,1022.46,26.62,495.0
18.64,56.56,1022.43,39.64,491.49
20.59,79.73,1010.15,86.15,472.86
7.3,75.22,1001.36,29.37,495.0
2.8,36.62,1018.75,98.85,495.0
32.79,44.22,1032.53,46.82,462.51
22.55,53.74,1012.13,32.54,484.13
23.86,38.79,1027.36,74.11,470.93
3.95,70.97,993.57,30.6,495.0
23.97,63.46,996.09,98.08,464.42
23.3,71.61,999.04,60.82,472.52
32.75,50.61,1024.26,61.71,455.05
9.9,58.91,1012.81,59.26,495.0
7.07,39.88,1026.53,35.71,495.0
8.74,67.65,1033.65,91.07,495.0
13.16,74.44,1000.76,76.98,490.85
3.63,44.0,1026.6,55.75,495.0
15.02,72.43,1017.01,53.82,492.84
35.62,58.95,1030.42,91.63,440.45
28.48,42.99,1005.88,68.54,464.03
3.72,48.42,1011.93,44.74,495.0
25.62,54.65,1027.68,48.37,471.38
21.04,36.65,1018.81,29.23,484.68
9.47,26.31,1008.69,62.78,495.0
16.57,26.41,1012.58,32.19,495.0
23.74,38.89,1026.47,60.75,476.38
6.26,61.51,1028.69,56.93,495.0
25.9,62.38,1002.25,96.06,462.77
2.13,81.13,992.74,73.9,495.0
25.08,36.86,1028.91,95.42,469.55
22.27,41.39,997.85,67.14,475.39
19.75,80.3,1002.25,90.79,475.7
14.69,71.15,1018.15,94.08,480.22
30.02,67.26,1001.75,61.55,458.14
2.42,80.4,997.5,48.31,495.0
26.29,57.44,1024.71,27.22,466.76
11.08,70.47,1030.07,35.83,495.0
7.39,56.21,1030.62,84.85,495.0
11.54,81.47,1024.75,51.2,495.0
33.09,48.07,1012.76,44.13,455.8
23.21,64.19,993.31,80.65,468.95
6.92,58.26,1003.04,80.95,495.0
17.97,58.39,1001.36,41.42,485.63
14.8,27.09,1023.83,78.83,495.0
14.71,80.05,995.5,95.44,483.11
2.14,74.35,1011.6,44.76,495.0
16.57,41.5,1032.72,84.16,491.62
29.26,72.35,997.41,74.5,459.61
6.08,76.11,1022.72,58.31,495.0
17.48,29.54,1002.38,78.0,484.13
12.0,49.33,1009.96,54.94,495.0
14.08,60.43,1032.97,69.97,492.57
3.21,78.39,1005.44,47.84,495.0
6.7,75.0,1003.32,35.23,495.0
12.86,25.61,1012.55,99.59,495.0
14.84,32.49,1027.67,94.23,493.8
4.5,32.01,1007.32,46.82,495.0
9.99,69.24,1025.91,44.22,495.0
